,title,price,imageUrl,pageUrl,rating,totalReview,source
0,CRAFTSMAN M140 160-cc 21-in Push Gas Push Lawn Mower with Honda Engine Engine,$279.00,https://mobileimages.lowes.com/product/converted/043033/043033587513.jpg?size=sm,https://www.lowes.com/pd/CRAFTSMAN-M140-160-cc-21-in-Push-Gas-Push-Lawn-Mower-with-Honda-Engine-Engine/1000705996,4.5,329,lowes
1,CRAFTSMAN M110 140-cc 21-in Push Gas Push Lawn Mower with Briggs & Stratton Engine Engine,$229.00,https://mobileimages.lowes.com/product/converted/043033/043033587506.jpg?size=sm,https://www.lowes.com/pd/CRAFTSMAN-M110-140-cc-21-in-Push-Gas-Push-Lawn-Mower-with-Briggs-Stratton-Engine-Engine/1000676311,4.5,462,lowes
2,Bolens 140-cc 21-in Push Gas Push Lawn Mower with Briggs & Stratton Engine Engine,$169.00 ,https://mobileimages.lowes.com/product/converted/043033/043033565948.jpg?size=sm,https://www.lowes.com/pd/Bolens-140-cc-21-in-Push-Gas-Push-Lawn-Mower-with-Briggs-Stratton-Engine-Engine/50119597,4.0,462,lowes
3,CRAFTSMAN M230 163-cc 21-in Self-Propelled Gas Push Lawn Mower with Briggs & Stratton Engine Engine,$299.00,https://mobileimages.lowes.com/product/converted/043033/043033587575.jpg?size=sm,https://www.lowes.com/pd/CRAFTSMAN-M230-163-cc-21-in-Self-Propelled-Gas-Push-Lawn-Mower-with-Briggs-Stratton-Engine-Engine/1000673809,4.5,449,lowes
4,CRAFTSMAN M210 140-cc 21-in Self-Propelled Gas Push Lawn Mower with Briggs & Stratton Engine Engine,$279.00,https://mobileimages.lowes.com/product/converted/043033/043033587520.jpg?size=sm,https://www.lowes.com/pd/CRAFTSMAN-M210-140-cc-21-in-Self-Propelled-Gas-Push-Lawn-Mower-with-Briggs-Stratton-Engine-Engine/1000673801,4.5,314,lowes
5,Sun Joe 18-in Reel Lawn Mower,$84.97 ,https://mobileimages.lowes.com/product/converted/185842/185842000545.jpg?size=sm,https://www.lowes.com/pd/Sun-Joe-18-in-Reel-Lawn-Mower/50236369,4.0,51,lowes
6,Sun Joe 16-in Reel Lawn Mower,$76.10,https://mobileimages.lowes.com/product/converted/185842/185842000934.jpg?size=sm,https://www.lowes.com/pd/Sun-Joe-16-in-Reel-Lawn-Mower/50236367,4.0,39,lowes
7,Earthwise 16-in Reel Lawn Mower,$99.98,https://mobileimages.lowes.com/product/converted/026479/026479181668.jpg?size=sm,https://www.lowes.com/pd/Earthwise-16-in-Reel-Lawn-Mower/50329467,3.5,140,lowes
8,CRAFTSMAN M250 160-cc 21-in Self-Propelled Gas Push Lawn Mower with Honda Engine Engine,$349.00,https://mobileimages.lowes.com/product/converted/043033/043033587568.jpg?size=sm,https://www.lowes.com/pd/CRAFTSMAN-M250-160-cc-21-in-Self-Propelled-Gas-Push-Lawn-Mower-with-Honda-Engine-Engine/1000730348,4.0,366,lowes
9,Bolens 125-cc 20-in Push Gas Push Lawn Mower with Briggs & Stratton Engine Engine,$169.00,https://mobileimages.lowes.com/product/converted/043033/043033565771.jpg?size=sm,https://www.lowes.com/pd/Bolens-125-cc-20-in-Push-Gas-Push-Lawn-Mower-with-Briggs-Stratton-Engine-Engine/50119621,3.5,640,lowes
10,John Deere E130 22-HP V-twin Side By Side Hydrostatic 42-in Riding Lawn Mower with Mulching Capability (Kit Sold Separately),"$1,999.00",https://mobileimages.lowes.com/product/converted/889818/889818005502.jpg?size=sm,https://www.lowes.com/pd/John-Deere-E130-22-HP-V-twin-Side-By-Side-Hydrostatic-42-in-Riding-Lawn-Mower-with-Mulching-Capability-Kit-Sold-Separately/1000368407,4.5,295,lowes
11,CRAFTSMAN T110 17.5-HP Manual/Gear 42-in Riding Lawn Mower with Mulching Capability (Kit Sold Separately),"$1,399.00",https://mobileimages.lowes.com/product/converted/043033/043033587650.jpg?size=sm,https://www.lowes.com/pd/CRAFTSMAN-T110-17-5-HP-Manual-Gear-42-in-Riding-Lawn-Mower-with-Mulching-Capability-Kit-Sold-Separately/1000678805,4.5,254,lowes
12,Kobalt 13-Amp 21-in Corded Electric Lawn Mower,$199.00,https://mobileimages.lowes.com/product/converted/841821/841821054946.jpg?size=sm,https://www.lowes.com/pd/Kobalt-13-Amp-21-in-Corded-Electric-Lawn-Mower/1000731660,4.0,76,lowes
13,Greenworks 10-Amp 17-in Corded Electric Lawn Mower,$195.66,https://mobileimages.lowes.com/product/converted/841821/841821027261.jpg?size=sm,https://www.lowes.com/pd/Greenworks-10-Amp-17-in-Corded-Electric-Lawn-Mower/1000496083,4.5,4,lowes
14,Greenworks Pro 60-Volt Brushless Lithium Ion Push 21-in Cordless Electric Lawn Mower (Battery Not Included),$279.00,https://mobileimages.lowes.com/product/converted/841821/841821024291.jpg?size=sm,https://www.lowes.com/pd/Greenworks-Pro-60-Volt-Brushless-Lithium-Ion-Push-21-in-Cordless-Electric-Lawn-Mower-Battery-Not-Included/1000197033,4.5,314,lowes
15,Greenworks Pro 60-volt Brushless Lithium Ion Self-propelled 21-in Cordless Electric Lawn Mower,$379.00,https://mobileimages.lowes.com/product/converted/841821/841821030919.jpg?size=sm,https://www.lowes.com/pd/Greenworks-Pro-60-volt-Brushless-Lithium-Ion-Self-propelled-21-in-Cordless-Electric-Lawn-Mower/1000332223,4.5,273,lowes
16,Sun Joe 40-volt Brushless Lithium Ion Self-propelled 16-in Cordless Electric Lawn Mower,$197.53 ,https://mobileimages.lowes.com/product/converted/810829/810829022110.jpg?size=sm,https://www.lowes.com/pd/Sun-Joe-40-volt-Brushless-Lithium-Ion-Self-propelled-16-in-Cordless-Electric-Lawn-Mower/50430520,4.0,26,lowes
17,Kobalt 80-volt Max Brushless Lithium Ion Push 21-in Cordless Electric Lawn Mower,$499.00,https://mobileimages.lowes.com/product/converted/841821/841821016364.jpg?size=sm,https://www.lowes.com/pd/Kobalt-80-volt-Max-Brushless-Lithium-Ion-Push-21-in-Cordless-Electric-Lawn-Mower/1000421095,4.5,830,lowes
18,John Deere 20-HP V-Twin Dual Hydrostatic 42-in Zero-Turn Lawn Mower with Mulching Capability (Kit Sold Separately),"$2,599.00",https://mobileimages.lowes.com/product/converted/889818/889818016126.jpg?size=sm,https://www.lowes.com/pd/John-Deere-20-HP-V-Twin-Dual-Hydrostatic-42-in-Zero-Turn-Lawn-Mower-with-Mulching-Capability-Kit-Sold-Separately/1000607721,4.5,185,lowes
19,Fiskars 17-in Reel Lawn Mower,$162.06,https://mobileimages.lowes.com/product/converted/046561/046561162085.jpg?size=sm,https://www.lowes.com/pd/Fiskars-17-in-Reel-Lawn-Mower/1000188009,4.5,6,lowes
20,Fiskars 18-in Reel Lawn Mower,$199.00,https://mobileimages.lowes.com/product/converted/046561/046561062057.jpg?size=sm,https://www.lowes.com/pd/Fiskars-18-in-Reel-Lawn-Mower/1000342337,4.0,56,lowes
21,Sun Joe 20-in Reel Lawn Mower,$103.79 ,https://mobileimages.lowes.com/product/converted/185842/185842000231.jpg?size=sm,https://www.lowes.com/pd/Sun-Joe-20-in-Reel-Lawn-Mower/50143060,4.0,38,lowes
22,Greenworks 16-in Reel Lawn Mower,$77.46,https://mobileimages.lowes.com/product/converted/841821/841821002893.jpg?size=sm,https://www.lowes.com/pd/Greenworks-16-in-Reel-Lawn-Mower/1000491831,2.0,7,lowes
23,Robomow RC308 Robotic Lawn Mower (Up to 1/4 Acre),"$1,039.20 ",https://mobileimages.lowes.com/product/converted/043033/043033585618.jpg?size=sm,https://www.lowes.com/pd/Robomow-RC308-Robotic-Lawn-Mower-Up-to-1-4-Acre/1000498171,0.0,0,lowes
24,Worldlawn 337-cc 32-in Self-Propelled Gas Push Lawn Mower with Honda Engine Engine,"$2,316.47",https://mobileimages.lowes.com/product/converted/861884/861884000230.jpg?size=sm,https://www.lowes.com/pd/Worldlawn-337-cc-32-in-Self-Propelled-Gas-Push-Lawn-Mower-with-Honda-Engine-Engine/999977430,4.5,2,lowes
25,Husqvarna Automower Robotic Lawn Mower with with GPS Assisted Navigation Navigation (1/2 Acre to 1 Acre),"$3,299.00",https://mobileimages.lowes.com/product/converted/193028/193028024087.jpg?size=sm,https://www.lowes.com/pd/Husqvarna-Automower-Robotic-Lawn-Mower-with-with-GPS-Assisted-Navigation-Navigation-1-2-Acre-to-1-Acre/1000880462,5.0,7,lowes
26,Robomow RS612 Robotic Lawn Mower with with GPS Assisted Navigation Navigation (Up to 1/4 Acre),"$1,584.20",https://mobileimages.lowes.com/product/converted/043033/043033589517.jpg?size=sm,https://www.lowes.com/pd/Robomow-RS612-Robotic-Lawn-Mower-with-with-GPS-Assisted-Navigation-Navigation-Up-to-1-4-Acre/1000931722,0.0,0,lowes
27,Robomow RS622 Robotic Lawn Mower with with GPS Assisted Navigation Navigation (1/4 Acre to 1/2 Acre),"$2,199.00",https://mobileimages.lowes.com/product/converted/043033/043033589326.jpg?size=sm,https://www.lowes.com/pd/Robomow-RS622-Robotic-Lawn-Mower-with-with-GPS-Assisted-Navigation-Navigation-1-4-Acre-to-1-2-Acre/1000931724,0.0,0,lowes
28,Husqvarna YTH18542 18.5-HP Hydrostatic 42-in Riding Lawn Mower with Mulching Capability (Kit Sold Separately),"$1,699.00",https://mobileimages.lowes.com/product/converted/085388/085388593238.jpg?size=sm,https://www.lowes.com/pd/Husqvarna-YTH18542-18-5-HP-Hydrostatic-42-in-Riding-Lawn-Mower-with-Mulching-Capability-Kit-Sold-Separately/1000368427,4.0,460,lowes
29,Husqvarna YTH24V48 24-HP V-twin Hydrostatic 48-in Riding Lawn Mower with Mulching Capability (Kit Sold Separately),"$2,099.00",https://mobileimages.lowes.com/product/converted/085388/085388593276.jpg?size=sm,https://www.lowes.com/pd/Husqvarna-YTH24V48-24-HP-V-twin-Hydrostatic-48-in-Riding-Lawn-Mower-with-Mulching-Capability-Kit-Sold-Separately/1000368435,4.0,192,lowes
30,CRAFTSMAN M350 175-cc 23-in Self-Propelled Gas Push Lawn Mower with Briggs & Stratton Engine Engine,$399.00,https://mobileimages.lowes.com/product/converted/043033/043033587537.jpg?size=sm,https://www.lowes.com/pd/CRAFTSMAN-M350-175-cc-23-in-Self-Propelled-Gas-Push-Lawn-Mower-with-Briggs-Stratton-Engine-Engine/1000766090,4.5,67,lowes
31,Husqvarna AUTOMOWER 310 Robotic Lawn Mower (Up to 1/4 Acre),"$1,599.00",https://mobileimages.lowes.com/product/converted/193028/193028023028.jpg?size=sm,https://www.lowes.com/pd/Husqvarna-AUTOMOWER-310-Robotic-Lawn-Mower-Up-to-1-4-Acre/1000814980,4.0,8,lowes
32,Husqvarna AUTOMOWER 315 Robotic Lawn Mower (1/4 Acre to 1/2 Acre),"$1,799.00",https://mobileimages.lowes.com/product/converted/193028/193028023035.jpg?size=sm,https://www.lowes.com/pd/Husqvarna-AUTOMOWER-315-Robotic-Lawn-Mower-1-4-Acre-to-1-2-Acre/1000814984,4.5,6,lowes
33,John Deere E110 19-HP Side By Side Hydrostatic 42-in Riding Lawn Mower with Mulching Capability (Kit Sold Separately),"$1,799.00",https://mobileimages.lowes.com/product/converted/889818/889818004482.jpg?size=sm,https://www.lowes.com/pd/John-Deere-E110-19-HP-Side-By-Side-Hydrostatic-42-in-Riding-Lawn-Mower-with-Mulching-Capability-Kit-Sold-Separately/1000368403,4.0,161,lowes
34,John Deere E150 22-HP V-twin Side By Side Hydrostatic 48-in Riding Lawn Mower with Mulching Capability (Kit Sold Separately),"$2,199.00",https://mobileimages.lowes.com/product/converted/889818/889818006080.jpg?size=sm,https://www.lowes.com/pd/John-Deere-E150-22-HP-V-twin-Side-By-Side-Hydrostatic-48-in-Riding-Lawn-Mower-with-Mulching-Capability-Kit-Sold-Separately/1000368415,4.5,61,lowes
35,John Deere E170 25-HP V-twin Side By Side Hydrostatic 48-in Riding Lawn Mower with Mulching Capability (Kit Sold Separately),"$2,449.00",https://mobileimages.lowes.com/product/converted/889818/889818005519.jpg?size=sm,https://www.lowes.com/pd/John-Deere-E170-25-HP-V-twin-Side-By-Side-Hydrostatic-48-in-Riding-Lawn-Mower-with-Mulching-Capability-Kit-Sold-Separately/1000368419,4.0,139,lowes
36,CRAFTSMAN E225 42-in Lithium Ion Electric Riding Lawn Mower with Mulching Capability (Kit Sold Separately),"$3,499.00",https://mobileimages.lowes.com/product/converted/043033/043033588015.jpg?size=sm,https://www.lowes.com/pd/CRAFTSMAN-E225-42-in-Lithium-Ion-Electric-Riding-Lawn-Mower-with-Mulching-Capability-Kit-Sold-Separately/1000782164,4.5,13,lowes
37,Swisher Predator 344-cc 24-in Self-Propelled Gas Push Lawn Mower with Briggs & Stratton Engine Engine,"$2,265.99 ",https://mobileimages.lowes.com/product/converted/728172/728172405606.jpg?size=sm,https://www.lowes.com/pd/Swisher-Predator-344-cc-24-in-Self-Propelled-Gas-Push-Lawn-Mower-with-Briggs-Stratton-Engine-Engine/1000779054,0.0,0,lowes
38,Swisher Predator 344-cc 24-in Self-Propelled Gas Push Lawn Mower with Briggs & Stratton Engine Engine,"$2,005.91 ",https://mobileimages.lowes.com/product/converted/728172/728172405613.jpg?size=sm,https://www.lowes.com/pd/Swisher-Predator-344-cc-24-in-Self-Propelled-Gas-Push-Lawn-Mower-with-Briggs-Stratton-Engine-Engine/1000779048,0.0,0,lowes
39,Husqvarna YTH24V48-CARB 24-HP V-twin Hydrostatic 48-in Riding Lawn Mower with Mulching Capability (Kit Sold Separately) CARB,"$2,199.00",https://mobileimages.lowes.com/product/converted/085388/085388593375.jpg?size=sm,https://www.lowes.com/pd/Husqvarna-YTH24V48-CARB-24-HP-V-twin-Hydrostatic-48-in-Riding-Lawn-Mower-with-Mulching-Capability-Kit-Sold-Separately-CARB/1000368449,4.0,191,lowes
40,John Deere E170 25-HP V-twin Side By Side Hydrostatic 48-in Riding Lawn Mower with Mulching Capability (Kit Sold Separately),"$2,449.00",https://mobileimages.lowes.com/product/converted/889818/889818005519.jpg?size=sm,https://www.lowes.com/pd/John-Deere-E170-25-HP-V-twin-Side-By-Side-Hydrostatic-48-in-Riding-Lawn-Mower-with-Mulching-Capability-Kit-Sold-Separately/1000368419,4.0,139,lowes
41,Worldlawn 337-cc 32-in Self-Propelled Gas Push Lawn Mower with Honda Engine Engine,"$2,316.47",https://mobileimages.lowes.com/product/converted/861884/861884000230.jpg?size=sm,https://www.lowes.com/pd/Worldlawn-337-cc-32-in-Self-Propelled-Gas-Push-Lawn-Mower-with-Honda-Engine-Engine/999977430,4.5,2,lowes
42,John Deere E110 19-HP Side By Side Hydrostatic 42-in Riding Lawn Mower with Mulching Capability (Kit Sold Separately),"$1,799.00",https://mobileimages.lowes.com/product/converted/889818/889818004482.jpg?size=sm,https://www.lowes.com/pd/John-Deere-E110-19-HP-Side-By-Side-Hydrostatic-42-in-Riding-Lawn-Mower-with-Mulching-Capability-Kit-Sold-Separately/1000368403,4.0,161,lowes
43,John Deere E150 22-HP V-twin Side By Side Hydrostatic 48-in Riding Lawn Mower with Mulching Capability (Kit Sold Separately),"$2,199.00",https://mobileimages.lowes.com/product/converted/889818/889818006080.jpg?size=sm,https://www.lowes.com/pd/John-Deere-E150-22-HP-V-twin-Side-By-Side-Hydrostatic-48-in-Riding-Lawn-Mower-with-Mulching-Capability-Kit-Sold-Separately/1000368415,4.5,61,lowes
44,Husqvarna LGT48DXL 25-HP V-twin Hydrostatic 48-in Riding Lawn Mower with Mulching Capability (Kit Sold Separately),"$2,699.00",https://mobileimages.lowes.com/product/converted/085388/085388593290.jpg?size=sm,https://www.lowes.com/pd/Husqvarna-LGT48DXL-25-HP-V-twin-Hydrostatic-48-in-Riding-Lawn-Mower-with-Mulching-Capability-Kit-Sold-Separately/1000368441,4.0,57,lowes
45,Husqvarna YTH22V46 22-HP V-twin Hydrostatic 46-in Riding Lawn Mower with Mulching Capability (Kit Sold Separately),"$1,899.00",https://mobileimages.lowes.com/product/converted/085388/085388593252.jpg?size=sm,https://www.lowes.com/pd/Husqvarna-YTH22V46-22-HP-V-twin-Hydrostatic-46-in-Riding-Lawn-Mower-with-Mulching-Capability-Kit-Sold-Separately/1000368431,4.0,307,lowes
46,Husqvarna YTH22V46-CARB 22-HP V-twin Hydrostatic 46-in Riding Lawn Mower with Mulching Capability (Kit Sold Separately) CARB,"$1,999.00",https://mobileimages.lowes.com/product/converted/085388/085388593269.jpg?size=sm,https://www.lowes.com/pd/Husqvarna-YTH22V46-CARB-22-HP-V-twin-Hydrostatic-46-in-Riding-Lawn-Mower-with-Mulching-Capability-Kit-Sold-Separately-CARB/1000368433,4.0,321,lowes
47,PowerSmart 161-cc 21-in Push Gas Push Lawn Mower,$277.92,https://mobileimages.lowes.com/product/converted/817582/817582012143.jpg?size=sm,https://www.lowes.com/pd/PowerSmart-161-cc-21-in-Push-Gas-Push-Lawn-Mower/1001010652,4.5,6,lowes
48,Honda HRN 166-cc 21-in Self-Propelled Gas Push Lawn Mower,$409.00,https://mobileimages.lowes.com/product/converted/786102/786102007122.jpg?size=sm,https://www.lowes.com/pd/Honda-HRN-166-cc-21-in-Self-Propelled-Gas-Push-Lawn-Mower/1001090732,4.5,6,lowes
49,Honda HRN 166-cc 21-in Self-Propelled Gas Push Lawn Mower,$509.00,https://mobileimages.lowes.com/product/converted/786102/786102007139.jpg?size=sm,https://www.lowes.com/pd/Honda-HRN-166-cc-21-in-Self-Propelled-Gas-Push-Lawn-Mower/1001090742,5.0,1,lowes
50,CRAFTSMAN T110 17.5-HP Manual/Gear 42-in Riding Lawn Mower with Mulching Capability (Kit Sold Separately) CARB,"$1,499.00",https://mobileimages.lowes.com/product/converted/043033/043033587667.jpg?size=sm,https://www.lowes.com/pd/CRAFTSMAN-T110-17-5-HP-Manual-Gear-42-in-Riding-Lawn-Mower-with-Mulching-Capability-Kit-Sold-Separately-CARB/1000706004,4.0,17,lowes
51,CRAFTSMAN T310 Turn Tight 24-HP V-twin Hydrostatic 54-in Riding Lawn Mower with Mulching Capability (Kit Sold Separately),"$2,499.00",https://mobileimages.lowes.com/product/converted/043033/043033587704.jpg?size=sm,https://www.lowes.com/pd/CRAFTSMAN-T310-Turn-Tight-24-HP-V-twin-Hydrostatic-54-in-Riding-Lawn-Mower-with-Mulching-Capability-Kit-Sold-Separately/1000706024,4.5,57,lowes
52,CRAFTSMAN T240 Turn Tight 22-HP V-twin Hydrostatic 46-in Riding Lawn Mower with Mulching Capability (Kit Sold Separately),"$1,999.00",https://mobileimages.lowes.com/product/converted/043033/043033587681.jpg?size=sm,https://www.lowes.com/pd/CRAFTSMAN-T240-Turn-Tight-22-HP-V-twin-Hydrostatic-46-in-Riding-Lawn-Mower-with-Mulching-Capability-Kit-Sold-Separately/1000706016,4.5,121,lowes
53,CRAFTSMAN T260 Turn Tight 23-HP V-twin Hydrostatic 50-in Riding Lawn Mower with Mulching Capability (Kit Sold Separately),"$2,199.00",https://mobileimages.lowes.com/product/converted/043033/043033587698.jpg?size=sm,https://www.lowes.com/pd/CRAFTSMAN-T260-Turn-Tight-23-HP-V-twin-Hydrostatic-50-in-Riding-Lawn-Mower-with-Mulching-Capability-Kit-Sold-Separately/1000706020,4.5,55,lowes
54,CRAFTSMAN M350 175-cc 23-in Self-Propelled Gas Push Lawn Mower with Briggs & Stratton Engine Engine,$399.00,https://mobileimages.lowes.com/product/converted/043033/043033587537.jpg?size=sm,https://www.lowes.com/pd/CRAFTSMAN-M350-175-cc-23-in-Self-Propelled-Gas-Push-Lawn-Mower-with-Briggs-Stratton-Engine-Engine/1000766090,4.5,67,lowes
55,Husqvarna Automower Robotic Lawn Mower with with GPS Assisted Navigation Navigation (1/2 Acre to 1 Acre),"$3,299.00",https://mobileimages.lowes.com/product/converted/193028/193028024087.jpg?size=sm,https://www.lowes.com/pd/Husqvarna-Automower-Robotic-Lawn-Mower-with-with-GPS-Assisted-Navigation-Navigation-1-2-Acre-to-1-Acre/1000880462,5.0,7,lowes
56,Husqvarna AUTOMOWER 315 Robotic Lawn Mower (1/4 Acre to 1/2 Acre),"$1,799.00",https://mobileimages.lowes.com/product/converted/193028/193028023035.jpg?size=sm,https://www.lowes.com/pd/Husqvarna-AUTOMOWER-315-Robotic-Lawn-Mower-1-4-Acre-to-1-2-Acre/1000814984,4.5,6,lowes
57,PowerSmart 161-cc 21-in Self-Propelled Gas Push Lawn Mower,$314.26,https://mobileimages.lowes.com/product/converted/817582/817582012150.jpg?size=sm,https://www.lowes.com/pd/PowerSmart-161-cc-21-in-Self-Propelled-Gas-Push-Lawn-Mower/1001010648,5.0,2,lowes
58,Robomow RS612 Robotic Lawn Mower with with GPS Assisted Navigation Navigation (Up to 1/4 Acre),"$1,584.20",https://mobileimages.lowes.com/product/converted/043033/043033589517.jpg?size=sm,https://www.lowes.com/pd/Robomow-RS612-Robotic-Lawn-Mower-with-with-GPS-Assisted-Navigation-Navigation-Up-to-1-4-Acre/1000931722,0.0,0,lowes
59,Robomow RS630 Robotic Lawn Mower with with GPS Assisted Navigation Navigation (1/2 Acre to 1 Acre),"$2,499.00",https://mobileimages.lowes.com/product/converted/043033/043033589531.jpg?size=sm,https://www.lowes.com/pd/Robomow-RS630-Robotic-Lawn-Mower-with-with-GPS-Assisted-Navigation-Navigation-1-2-Acre-to-1-Acre/1000931726,3.0,3,lowes
60,Robomow RS622 Robotic Lawn Mower with with GPS Assisted Navigation Navigation (1/4 Acre to 1/2 Acre),"$2,199.00",https://mobileimages.lowes.com/product/converted/043033/043033589326.jpg?size=sm,https://www.lowes.com/pd/Robomow-RS622-Robotic-Lawn-Mower-with-with-GPS-Assisted-Navigation-Navigation-1-4-Acre-to-1-2-Acre/1000931724,0.0,0,lowes
61,Husqvarna AUTOMOWER 310 Robotic Lawn Mower (Up to 1/4 Acre),"$1,599.00",https://mobileimages.lowes.com/product/converted/193028/193028023028.jpg?size=sm,https://www.lowes.com/pd/Husqvarna-AUTOMOWER-310-Robotic-Lawn-Mower-Up-to-1-4-Acre/1000814980,4.0,8,lowes
62,Honda HRX 201-cc 21-in Self-Propelled Gas Push Lawn Mower,$619.00,https://mobileimages.lowes.com/product/converted/786102/786102006651.jpg?size=sm,https://www.lowes.com/pd/Honda-HRX-201-cc-21-in-Self-Propelled-Gas-Push-Lawn-Mower/1001066930,4.5,2,lowes
63,CRAFTSMAN M410 223-cc 28-in Self-Propelled Gas Push Lawn Mower with Briggs & Stratton Engine Engine,"$1,099.00",https://mobileimages.lowes.com/product/converted/043033/043033590551.jpg?size=sm,https://www.lowes.com/pd/CRAFTSMAN-M410-223-cc-28-in-Self-Propelled-Gas-Push-Lawn-Mower-with-Briggs-Stratton-Engine-Engine/1001691152,0.0,0,lowes
64,Honda HRX 201-cc 21-in Self-Propelled Gas Push Lawn Mower,$709.00,https://mobileimages.lowes.com/product/converted/786102/786102006675.jpg?size=sm,https://www.lowes.com/pd/Honda-HRX-201-cc-21-in-Self-Propelled-Gas-Push-Lawn-Mower/1001109406,0.0,0,lowes
65,CRAFTSMAN M260 Vertical Storage 163-cc 21-in Self-Propelled Gas Push Lawn Mower with Briggs & Stratton Engine Engine,$359.00,https://mobileimages.lowes.com/product/converted/043033/043033590544.jpg?size=sm,https://www.lowes.com/pd/CRAFTSMAN-M260-Vertical-Storage-163-cc-21-in-Self-Propelled-Gas-Push-Lawn-Mower-with-Briggs-Stratton-Engine-Engine/1001363478,0.0,0,lowes
66,CRAFTSMAN 140-cc 21-in Push Gas Push Lawn Mower with Briggs & Stratton Engine Engine,$199.00,https://mobileimages.lowes.com/product/converted/043033/043033590520.jpg?size=sm,https://www.lowes.com/pd/CRAFTSMAN-140-cc-21-in-Push-Gas-Push-Lawn-Mower-with-Briggs-Stratton-Engine-Engine/1001363470,5.0,1,lowes
67,CRAFTSMAN T100 11.5-HP Manual/Gear 36-in Riding Lawn Mower with Mulching Capability (Kit Sold Separately),"$1,299.00",https://mobileimages.lowes.com/product/converted/043033/043033590339.jpg?size=sm,https://www.lowes.com/pd/CRAFTSMAN-T100-11-5-HP-Manual-Gear-36-in-Riding-Lawn-Mower-with-Mulching-Capability-Kit-Sold-Separately/1001449960,0.0,0,lowes
68,CRAFTSMAN M160 Vertical Storage 150-cc 21-in Push Gas Push Lawn Mower with Briggs & Stratton Engine Engine,$299.00,https://mobileimages.lowes.com/product/converted/043033/043033590537.jpg?size=sm,https://www.lowes.com/pd/CRAFTSMAN-M160-Vertical-Storage-150-cc-21-in-Push-Gas-Push-Lawn-Mower-with-Briggs-Stratton-Engine-Engine/1001363474,0.0,0,lowes
69,WORX Landroid Robotic Lawn Mower with with GPS Assisted Navigation Navigation (Up to 1/4 Acre),$999.77,https://mobileimages.lowes.com/product/converted/845534/845534020670.jpg?size=sm,https://www.lowes.com/pd/WORX-Landroid-Robotic-Lawn-Mower-with-with-GPS-Assisted-Navigation-Navigation-Up-to-1-4-Acre/1001430852,4.5,7,lowes
70,Turf Beast TURF BRUSH 208-cc 26-in Self-Propelled Gas Push Lawn Mower,$799.00,https://mobileimages.lowes.com/product/converted/855162/855162005956.jpg?size=sm,https://www.lowes.com/pd/Turf-Beast-TURF-BRUSH-208-cc-26-in-Self-Propelled-Gas-Push-Lawn-Mower/1001429960,0.0,0,lowes
71,Turf Beast TURF BRUSH 208-cc 26-in Self-Propelled Gas Push Lawn Mower,$879.00,https://mobileimages.lowes.com/product/converted/853044/853044007715.jpg?size=sm,https://www.lowes.com/pd/Turf-Beast-TURF-BRUSH-208-cc-26-in-Self-Propelled-Gas-Push-Lawn-Mower/1001829688,0.0,0,lowes
72,CRAFTSMAN T140 18.5-HP Hydrostatic 46-in Riding Lawn Mower with Mulching Capability (Kit Sold Separately),"$1,499.00",https://mobileimages.lowes.com/product/converted/043033/043033590353.jpg?size=sm,https://www.lowes.com/pd/CRAFTSMAN-T140-18-5-HP-Hydrostatic-46-in-Riding-Lawn-Mower-with-Mulching-Capability-Kit-Sold-Separately/1001840040,0.0,0,lowes
73,Turf Beast TURF BRUSH 208-cc 26-in Self-Propelled Gas Push Lawn Mower,$879.00,https://mobileimages.lowes.com/product/converted/853044/853044007715.jpg?size=sm,https://www.lowes.com/pd/Turf-Beast-TURF-BRUSH-208-cc-26-in-Self-Propelled-Gas-Push-Lawn-Mower/1001829688,0.0,0,lowes
74,CRAFTSMAN M310 163-cc 21-in Self-Propelled Gas Push Lawn Mower with Briggs & Stratton Engine Engine,$369.00,https://mobileimages.lowes.com/product/converted/043033/043033591145.jpg?size=sm,https://www.lowes.com/pd/CRAFTSMAN-M310-163-cc-21-in-Self-Propelled-Gas-Push-Lawn-Mower-with-Briggs-Stratton-Engine-Engine/1001829640,0.0,0,lowes
75,Turf Beast Tuft Beast 208-cc 26-in Self-Propelled Gas Push Lawn Mower,$769.00,https://mobileimages.lowes.com/product/converted/853044/853044007708.jpg?size=sm,https://www.lowes.com/pd/Turf-Beast-Tuft-Beast-208-cc-26-in-Self-Propelled-Gas-Push-Lawn-Mower/1001829684,0.0,0,lowes
76,Turf Beast Tuft Beast 208-cc 26-in Push Gas Push Lawn Mower,$659.00,https://mobileimages.lowes.com/product/converted/853044/853044007852.jpg?size=sm,https://www.lowes.com/pd/Turf-Beast-Tuft-Beast-208-cc-26-in-Push-Gas-Push-Lawn-Mower/1001829700,0.0,0,lowes
77,Sun Joe Mow Joe 13-Amp 18.1-in Corded Electric Lawn Mower,$168.56 ,https://mobileimages.lowes.com/product/converted/856890/856890003627.jpg?size=sm,https://www.lowes.com/pd/Sun-Joe-Mow-Joe-13-Amp-18-1-in-Corded-Electric-Lawn-Mower/50150400,4.5,57,lowes
78,Sun Joe Mow Joe 12-Amp 14-in Corded Electric Lawn Mower,$129.86 ,https://mobileimages.lowes.com/product/converted/185842/185842000149.jpg?size=sm,https://www.lowes.com/pd/Sun-Joe-Mow-Joe-12-Amp-14-in-Corded-Electric-Lawn-Mower/50150398,4.5,273,lowes
79,BLACK+DECKER 6.5-Amp 12-in Corded Electric Lawn Mower,$89.24 ,https://mobileimages.lowes.com/product/converted/885911/885911343343.jpg?size=sm,https://www.lowes.com/pd/BLACK-DECKER-6-5-Amp-12-in-Corded-Electric-Lawn-Mower/50250149,3.5,16,lowes
80,Greenworks 13-Amp 21-in Corded Electric Lawn Mower,$183.18 ,https://mobileimages.lowes.com/product/converted/841821/841821027285.jpg?size=sm,https://www.lowes.com/pd/Greenworks-13-Amp-21-in-Corded-Electric-Lawn-Mower/1000499009,3.5,26,lowes
81,Greenworks 9-Amp 14-in Corded Electric Lawn Mower,$97.98 ,https://mobileimages.lowes.com/product/converted/841821/841821027254.jpg?size=sm,https://www.lowes.com/pd/Greenworks-9-Amp-14-in-Corded-Electric-Lawn-Mower/1000332227,3.5,17,lowes
82,Greenworks 12-Amp 20-in Corded Electric Lawn Mower,$179.00,https://mobileimages.lowes.com/product/converted/841821/841821027278.jpg?size=sm,https://www.lowes.com/pd/Greenworks-12-Amp-20-in-Corded-Electric-Lawn-Mower/1000524507,4.0,11,lowes
83,Sun Joe 13-Amp 14-in Push Corded Electric Lawn Mower,$139.00 ,https://mobileimages.lowes.com/product/converted/810829/810829024442.jpg?size=sm,https://www.lowes.com/pd/Sun-Joe-13-Amp-14-in-Push-Corded-Electric-Lawn-Mower/1000041197,4.5,20,lowes
84,Sun Joe 12-Amp 16-in Corded Electric Lawn Mower,$134.38 ,https://mobileimages.lowes.com/product/converted/810829/810829022653.jpg?size=sm,https://www.lowes.com/pd/Sun-Joe-12-Amp-16-in-Corded-Electric-Lawn-Mower/1000041191,4.5,44,lowes
85,Sun Joe 12-Amp 20-in Corded Electric Lawn Mower,$177.99 ,https://mobileimages.lowes.com/product/converted/810829/810829024985.jpg?size=sm,https://www.lowes.com/pd/Sun-Joe-12-Amp-20-in-Corded-Electric-Lawn-Mower/1000041185,4.5,36,lowes
86,Sun Joe Mow Joe 12-Amp 14-in Corded Electric Lawn Mower,$129.86 ,https://mobileimages.lowes.com/product/converted/185842/185842000149.jpg?size=sm,https://www.lowes.com/pd/Sun-Joe-Mow-Joe-12-Amp-14-in-Corded-Electric-Lawn-Mower/1000243115,4.5,361,lowes
87,Greenworks 40-volt Lithium Ion Push 20-in Cordless Electric Lawn Mower,$379.00 ,https://mobileimages.lowes.com/product/converted/841821/841821010003.jpg?size=sm,https://www.lowes.com/pd/Greenworks-40-volt-Lithium-Ion-Push-20-in-Cordless-Electric-Lawn-Mower/50039048,4.5,67,lowes
88,Husqvarna MZ61 27-HP V-twin Hydrostatic 61-in Zero-turn Lawn Mower with Mulching Capability (Kit Sold Separately),"$4,799.95",https://mobileimages.lowes.com/product/converted/085388/085388584298.jpg?size=sm,https://www.lowes.com/pd/Husqvarna-MZ61-27-HP-V-twin-Hydrostatic-61-in-Zero-turn-Lawn-Mower-with-Mulching-Capability-Kit-Sold-Separately/1000486279,4.0,19,lowes
89,Husqvarna Z248F 26-HP V-twin Dual Hydrostatic 48-in Zero-turn Lawn Mower with Mulching Capability (Kit Sold Separately),"$3,199.95",https://mobileimages.lowes.com/product/converted/085388/085388594044.jpg?size=sm,https://www.lowes.com/pd/Husqvarna-Z248F-26-HP-V-twin-Dual-Hydrostatic-48-in-Zero-turn-Lawn-Mower-with-Mulching-Capability-Kit-Sold-Separately/1000364553,4.0,23,lowes
90,Husqvarna Z254F 26-HP V-twin Hydrostatic 54-in Zero-Turn Lawn Mower with Mulching Capability (Kit Sold Separately),"$3,499.95",https://mobileimages.lowes.com/product/converted/085388/085388594051.jpg?size=sm,https://www.lowes.com/pd/Husqvarna-Z254F-26-HP-V-twin-Hydrostatic-54-in-Zero-Turn-Lawn-Mower-with-Mulching-Capability-Kit-Sold-Separately/1000486271,3.5,6,lowes
91,Greenworks 40-volt Lithium Ion Self-propelled 21-in Cordless Electric Lawn Mower,$284.21 ,https://mobileimages.lowes.com/product/converted/841821/841821027179.jpg?size=sm,https://www.lowes.com/pd/Greenworks-40-volt-Lithium-Ion-Self-propelled-21-in-Cordless-Electric-Lawn-Mower/1000498985,3.5,10,lowes
92,Greenworks 40-volt Max Lithium Ion Push 14-in Cordless Electric Lawn Mower,$249.00 ,https://mobileimages.lowes.com/product/converted/841821/841821027148.jpg?size=sm,https://www.lowes.com/pd/Greenworks-40-volt-Max-Lithium-Ion-Push-14-in-Cordless-Electric-Lawn-Mower/1000498977,4.0,11,lowes
93,Greenworks 80-volt Max Brushless Lithium Ion Self-propelled 21-in Cordless Electric Lawn Mower,$599.00,https://mobileimages.lowes.com/product/converted/841821/841821020637.jpg?size=sm,https://www.lowes.com/pd/Greenworks-80-volt-Max-Brushless-Lithium-Ion-Self-propelled-21-in-Cordless-Electric-Lawn-Mower/1000498993,5.0,23,lowes
94,Swisher Response Gen 2 21.5-HP V-twin Dual Hydrostatic 60-in Zero-turn Lawn Mower with Mulching Capability CARB,"$7,346.52 ",https://mobileimages.lowes.com/product/converted/728172/728172403305.jpg?size=sm,https://www.lowes.com/pd/Swisher-Response-Gen-2-21-5-HP-V-twin-Dual-Hydrostatic-60-in-Zero-turn-Lawn-Mower-with-Mulching-Capability-CARB/1000181485,5.0,1,lowes
95,Swisher Big Mow 31-HP V-twin Dual Hydrostatic 66-in Zero-turn Lawn Mower with Mulching Capability,"$12,899.65",https://mobileimages.lowes.com/product/converted/728172/728172403251.jpg?size=sm,https://www.lowes.com/pd/Swisher-Big-Mow-31-HP-V-twin-Dual-Hydrostatic-66-in-Zero-turn-Lawn-Mower-with-Mulching-Capability/1000181497,3.5,2,lowes
96,Swisher Response Gen 2 24-HP V-twin Dual Hydrostatic 60-in Zero-turn Lawn Mower with Mulching Capability CARB,"$6,655.00 ",https://mobileimages.lowes.com/product/converted/728172/728172403268.jpg?size=sm,https://www.lowes.com/pd/Swisher-Response-Gen-2-24-HP-V-twin-Dual-Hydrostatic-60-in-Zero-turn-Lawn-Mower-with-Mulching-Capability-CARB/1000181477,0.0,0,lowes
97,Greenworks Pro 60-volt Brushless Lithium Ion Push 21-in Cordless Electric Lawn Mower,$399.00,https://mobileimages.lowes.com/product/converted/841821/841821024284.jpg?size=sm,https://www.lowes.com/pd/Greenworks-Pro-60-volt-Brushless-Lithium-Ion-Push-21-in-Cordless-Electric-Lawn-Mower/1000179065,4.0,336,lowes
98,Sun Joe 28-volt Lithium Ion Push 14-in Cordless Electric Lawn Mower,$146.99 ,https://mobileimages.lowes.com/product/converted/810829/810829027856.jpg?size=sm,https://www.lowes.com/pd/Sun-Joe-28-volt-Lithium-Ion-Push-14-in-Cordless-Electric-Lawn-Mower/1000218635,4.5,299,lowes
99,Greenworks Pro 60-volt Brushless Lithium Ion Self-propelled 21-in Cordless Electric Lawn Mower,$499.00,https://mobileimages.lowes.com/product/converted/841821/841821030902.jpg?size=sm,https://www.lowes.com/pd/Greenworks-Pro-60-volt-Brushless-Lithium-Ion-Self-propelled-21-in-Cordless-Electric-Lawn-Mower/1000410713,4.5,292,lowes
100,Swisher Response Gen 2 24-HP V-twin Dual Hydrostatic 66-in Zero-turn Lawn Mower with Mulching Capability CARB,"$7,055.50 ",https://mobileimages.lowes.com/product/converted/728172/728172403282.jpg?size=sm,https://www.lowes.com/pd/Swisher-Response-Gen-2-24-HP-V-twin-Dual-Hydrostatic-66-in-Zero-turn-Lawn-Mower-with-Mulching-Capability-CARB/1000434185,0.0,0,lowes
101,Kobalt 40-Volt Max Brushless Lithium Ion Self-Propelled 20-in Cordless Electric Lawn Mower (Battery Included),$399.00,https://mobileimages.lowes.com/product/converted/841821/841821035389.jpg?size=sm,https://www.lowes.com/pd/Kobalt-40-Volt-Max-Brushless-Lithium-Ion-Self-Propelled-20-in-Cordless-Electric-Lawn-Mower-Battery-Included/1000330375,4.0,218,lowes
102,Ariens Ikon XL 24-HP V-twin Dual Hydrostatic 60-in Zero-turn Lawn Mower with Mulching Capability (Kit Sold Separately),"$4,399.00",https://mobileimages.lowes.com/product/converted/751058/751058042978.jpg?size=sm,https://www.lowes.com/pd/Ariens-Ikon-XL-24-HP-V-twin-Dual-Hydrostatic-60-in-Zero-turn-Lawn-Mower-with-Mulching-Capability-Kit-Sold-Separately/1000354363,4.0,13,lowes
103,Kobalt 40-Volt Max Brushless Lithium Ion Self-Propelled 20-in Cordless Electric Lawn Mower (Battery Not Included),$329.00,https://mobileimages.lowes.com/product/converted/841821/841821035396.jpg?size=sm,https://www.lowes.com/pd/Kobalt-40-Volt-Max-Brushless-Lithium-Ion-Self-Propelled-20-in-Cordless-Electric-Lawn-Mower-Battery-Not-Included/1000332229,4.0,218,lowes
104,Kobalt 40-Volt Max Lithium Ion Push 16-in Cordless Electric Lawn Mower (Battery Not Included),$199.00,https://mobileimages.lowes.com/product/converted/841821/841821023959.jpg?size=sm,https://www.lowes.com/pd/Kobalt-40-Volt-Max-Lithium-Ion-Push-16-in-Cordless-Electric-Lawn-Mower-Battery-Not-Included/1000338767,4.5,126,lowes
105,Kobalt 40-Volt Max Lithium Ion Push 16-in Cordless Electric Lawn Mower (Battery Included),$269.00,https://mobileimages.lowes.com/product/converted/841821/841821023300.jpg?size=sm,https://www.lowes.com/pd/Kobalt-40-Volt-Max-Lithium-Ion-Push-16-in-Cordless-Electric-Lawn-Mower-Battery-Included/1000427837,4.5,126,lowes
106,Greenworks 80-volt Max Brushless Lithium Ion Push 21-in Cordless Electric Lawn Mower,$452.99 ,https://mobileimages.lowes.com/product/converted/841821/841821017866.jpg?size=sm,https://www.lowes.com/pd/Greenworks-80-volt-Max-Brushless-Lithium-Ion-Push-21-in-Cordless-Electric-Lawn-Mower/1000507785,4.5,22,lowes
107,Greenworks 40-volt Lithium Ion Push 20-in Cordless Electric Lawn Mower,$316.17,https://mobileimages.lowes.com/product/converted/841821/841821027308.jpg?size=sm,https://www.lowes.com/pd/Greenworks-40-volt-Lithium-Ion-Push-20-in-Cordless-Electric-Lawn-Mower/1000507781,4.0,10,lowes
108,John Deere 22-HP V-Twin Dual Hydrostatic 48-in Zero-Turn Lawn Mower with Mulching Capability (Kit Sold Separately),"$3,349.00",https://mobileimages.lowes.com/product/converted/889818/889818016287.jpg?size=sm,https://www.lowes.com/pd/John-Deere-22-HP-V-Twin-Dual-Hydrostatic-48-in-Zero-Turn-Lawn-Mower-with-Mulching-Capability-Kit-Sold-Separately/1000607707,5.0,27,lowes
109,John Deere 25-HP V-Twin Dual Hydrostatic 54-in Zero-Turn Lawn Mower with Mulching Capability (Kit Sold Separately),"$3,499.00",https://mobileimages.lowes.com/product/converted/889818/889818016508.jpg?size=sm,https://www.lowes.com/pd/John-Deere-25-HP-V-Twin-Dual-Hydrostatic-54-in-Zero-Turn-Lawn-Mower-with-Mulching-Capability-Kit-Sold-Separately/1000607729,4.0,18,lowes
110,Kobalt 80-volt Max Brushless Lithium Ion Self-propelled 21-in Cordless Electric Lawn Mower,$499.00,https://mobileimages.lowes.com/product/converted/841821/841821028855.jpg?size=sm,https://www.lowes.com/pd/Kobalt-80-volt-Max-Brushless-Lithium-Ion-Self-propelled-21-in-Cordless-Electric-Lawn-Mower/1000258037,4.0,344,lowes
111,Ariens Ikon XL 24-HP V-twin Dual Hydrostatic 60-in Zero-turn Lawn Mower with Mulching Capability (Kit Sold Separately),"$4,399.00",https://mobileimages.lowes.com/product/converted/751058/751058042978.jpg?size=sm,https://www.lowes.com/pd/Ariens-Ikon-XL-24-HP-V-twin-Dual-Hydrostatic-60-in-Zero-turn-Lawn-Mower-with-Mulching-Capability-Kit-Sold-Separately/1000354363,4.0,13,lowes
112,Kobalt 40-Volt Max Brushless Lithium Ion Self-Propelled 20-in Cordless Electric Lawn Mower (Battery Included),$399.00,https://mobileimages.lowes.com/product/converted/841821/841821035389.jpg?size=sm,https://www.lowes.com/pd/Kobalt-40-Volt-Max-Brushless-Lithium-Ion-Self-Propelled-20-in-Cordless-Electric-Lawn-Mower-Battery-Included/1000330375,4.0,218,lowes
113,Kobalt 40-Volt Max Brushless Lithium Ion Self-Propelled 20-in Cordless Electric Lawn Mower (Battery Not Included),$329.00,https://mobileimages.lowes.com/product/converted/841821/841821035396.jpg?size=sm,https://www.lowes.com/pd/Kobalt-40-Volt-Max-Brushless-Lithium-Ion-Self-Propelled-20-in-Cordless-Electric-Lawn-Mower-Battery-Not-Included/1000332229,4.0,218,lowes
114,Husqvarna MZ54 24-HP V-twin Dual Hydrostatic 54-in Zero-turn Lawn Mower with Mulching Capability (Kit Sold Separately),"$4,999.00",https://mobileimages.lowes.com/product/converted/193028/193028007745.jpg?size=sm,https://www.lowes.com/pd/Husqvarna-MZ54-24-HP-V-twin-Dual-Hydrostatic-54-in-Zero-turn-Lawn-Mower-with-Mulching-Capability-Kit-Sold-Separately/1000731352,5.0,6,lowes
115,John Deere 24-HP V-Twin Dual Hydrostatic 54-in Zero-Turn Lawn Mower with Mulching Capability (Kit Sold Separately),"$3,999.00",https://mobileimages.lowes.com/product/converted/889818/889818016324.jpg?size=sm,https://www.lowes.com/pd/John-Deere-24-HP-V-Twin-Dual-Hydrostatic-54-in-Zero-Turn-Lawn-Mower-with-Mulching-Capability-Kit-Sold-Separately/1000608703,4.5,31,lowes
116,John Deere 25-HP V-Twin Dual Hydrostatic 62-in Zero-Turn Lawn Mower with Mulching Capability (Kit Sold Separately),"$4,699.00",https://mobileimages.lowes.com/product/converted/889818/889818016515.jpg?size=sm,https://www.lowes.com/pd/John-Deere-25-HP-V-Twin-Dual-Hydrostatic-62-in-Zero-Turn-Lawn-Mower-with-Mulching-Capability-Kit-Sold-Separately/1000607733,4.5,20,lowes
117,John Deere 22-HP V-Twin Dual Hydrostatic 42-in Zero-Turn Lawn Mower with Mulching Capability (Kit Sold Separately),"$2,985.97",https://mobileimages.lowes.com/product/converted/889818/889818016225.jpg?size=sm,https://www.lowes.com/pd/John-Deere-22-HP-V-Twin-Dual-Hydrostatic-42-in-Zero-Turn-Lawn-Mower-with-Mulching-Capability-Kit-Sold-Separately/1000608687,4.5,26,lowes
118,John Deere 22-HP V-Twin Dual Hydrostatic 48-in Zero-Turn Lawn Mower with Mulching Capability (Kit Sold Separately),"$2,999.00",https://mobileimages.lowes.com/product/converted/889818/889818016256.jpg?size=sm,https://www.lowes.com/pd/John-Deere-22-HP-V-Twin-Dual-Hydrostatic-48-in-Zero-Turn-Lawn-Mower-with-Mulching-Capability-Kit-Sold-Separately/1000607725,4.5,74,lowes
119,CRAFTSMAN Z 560 24-HP V-Twin Dual Hydrostatic 54-in Zero-Turn Lawn Mower with Mulching Capability (Kit Sold Separately),"$2,999.00",https://mobileimages.lowes.com/product/converted/043033/043033587742.jpg?size=sm,https://www.lowes.com/pd/CRAFTSMAN-Z-560-24-HP-V-Twin-Dual-Hydrostatic-54-in-Zero-Turn-Lawn-Mower-with-Mulching-Capability-Kit-Sold-Separately/1000730418,4.5,22,lowes
120,CRAFTSMAN Z 550 23-HP V-Twin Dual Hydrostatic 50-in Zero-Turn Lawn Mower with Mulching Capability (Kit Sold Separately),"$2,899.00",https://mobileimages.lowes.com/product/converted/043033/043033587711.jpg?size=sm,https://www.lowes.com/pd/CRAFTSMAN-Z-550-23-HP-V-Twin-Dual-Hydrostatic-50-in-Zero-Turn-Lawn-Mower-with-Mulching-Capability-Kit-Sold-Separately/1000730408,4.5,35,lowes
121,CRAFTSMAN Z 510 20-HP V-Twin Dual Hydrostatic 42-in Zero-Turn Lawn Mower with Mulching Capability (Kit Sold Separately),"$2,599.00",https://mobileimages.lowes.com/product/converted/043033/043033587728.jpg?size=sm,https://www.lowes.com/pd/CRAFTSMAN-Z-510-20-HP-V-Twin-Dual-Hydrostatic-42-in-Zero-Turn-Lawn-Mower-with-Mulching-Capability-Kit-Sold-Separately/1000730388,5.0,49,lowes
122,Husqvarna Z248F 21.5-HP V-twin Dual Hydrostatic 48-in Zero-turn Lawn Mower with Mulching Capability (Kit Sold Separately),"$2,899.00",https://mobileimages.lowes.com/product/converted/193028/193028007806.jpg?size=sm,https://www.lowes.com/pd/Husqvarna-Z248F-21-5-HP-V-twin-Dual-Hydrostatic-48-in-Zero-turn-Lawn-Mower-with-Mulching-Capability-Kit-Sold-Separately/1000698314,4.5,29,lowes
123,Kobalt 80-volt Max Brushless Lithium Ion Self-propelled 21-in Cordless Electric Lawn Mower,$599.00,https://mobileimages.lowes.com/product/converted/841821/841821049843.jpg?size=sm,https://www.lowes.com/pd/Kobalt-80-volt-Max-Brushless-Lithium-Ion-Self-propelled-21-in-Cordless-Electric-Lawn-Mower/1000698046,4.5,305,lowes
124,Husqvarna Z242F 18-HP V-twin Dual Hydrostatic 42-in Zero-turn Lawn Mower with Mulching Capability (Kit Sold Separately),"$2,799.00",https://mobileimages.lowes.com/product/converted/193028/193028007776.jpg?size=sm,https://www.lowes.com/pd/Husqvarna-Z242F-18-HP-V-twin-Dual-Hydrostatic-42-in-Zero-turn-Lawn-Mower-with-Mulching-Capability-Kit-Sold-Separately/1000698306,4.5,10,lowes
125,Kobalt 40-volt Max Brushless Lithium Ion Push 20-in Cordless Electric Lawn Mower,$249.00,https://mobileimages.lowes.com/product/converted/841821/841821025731.jpg?size=sm,https://www.lowes.com/pd/Kobalt-40-volt-Max-Brushless-Lithium-Ion-Push-20-in-Cordless-Electric-Lawn-Mower/1000197035,4.0,619,lowes
126,Sun Joe 28-volt Lithium Ion Push 14-in Cordless Electric Lawn Mower,$146.99 ,https://mobileimages.lowes.com/product/converted/810829/810829027856.jpg?size=sm,https://www.lowes.com/pd/Sun-Joe-28-volt-Lithium-Ion-Push-14-in-Cordless-Electric-Lawn-Mower/1000218635,4.5,299,lowes
127,Greenworks 80-volt Max Brushless Lithium Ion Self-propelled 21-in Cordless Electric Lawn Mower,$599.00,https://mobileimages.lowes.com/product/converted/841821/841821020637.jpg?size=sm,https://www.lowes.com/pd/Greenworks-80-volt-Max-Brushless-Lithium-Ion-Self-propelled-21-in-Cordless-Electric-Lawn-Mower/1000498993,5.0,23,lowes
128,Greenworks 40-volt Lithium Ion Self-propelled 21-in Cordless Electric Lawn Mower,$284.21 ,https://mobileimages.lowes.com/product/converted/841821/841821027179.jpg?size=sm,https://www.lowes.com/pd/Greenworks-40-volt-Lithium-Ion-Self-propelled-21-in-Cordless-Electric-Lawn-Mower/1000498985,3.5,10,lowes
129,Greenworks 40-volt Max Lithium Ion Push 14-in Cordless Electric Lawn Mower,$249.00 ,https://mobileimages.lowes.com/product/converted/841821/841821027148.jpg?size=sm,https://www.lowes.com/pd/Greenworks-40-volt-Max-Lithium-Ion-Push-14-in-Cordless-Electric-Lawn-Mower/1000498977,4.0,11,lowes
130,Husqvarna Z254F 26-HP V-twin Hydrostatic 54-in Zero-Turn Lawn Mower with Mulching Capability (Kit Sold Separately),"$3,499.95",https://mobileimages.lowes.com/product/converted/085388/085388594051.jpg?size=sm,https://www.lowes.com/pd/Husqvarna-Z254F-26-HP-V-twin-Hydrostatic-54-in-Zero-Turn-Lawn-Mower-with-Mulching-Capability-Kit-Sold-Separately/1000486271,3.5,6,lowes
131,Husqvarna MZ61 27-HP V-twin Hydrostatic 61-in Zero-turn Lawn Mower with Mulching Capability (Kit Sold Separately),"$4,799.95",https://mobileimages.lowes.com/product/converted/085388/085388584298.jpg?size=sm,https://www.lowes.com/pd/Husqvarna-MZ61-27-HP-V-twin-Hydrostatic-61-in-Zero-turn-Lawn-Mower-with-Mulching-Capability-Kit-Sold-Separately/1000486279,4.0,19,lowes
132,Greenworks 40-volt Lithium Ion Push 20-in Cordless Electric Lawn Mower,$316.17,https://mobileimages.lowes.com/product/converted/841821/841821027308.jpg?size=sm,https://www.lowes.com/pd/Greenworks-40-volt-Lithium-Ion-Push-20-in-Cordless-Electric-Lawn-Mower/1000507781,4.0,10,lowes
133,Swisher Response Gen 2 24-HP V-twin Dual Hydrostatic 66-in Zero-turn Lawn Mower with Mulching Capability CARB,"$7,055.50 ",https://mobileimages.lowes.com/product/converted/728172/728172403282.jpg?size=sm,https://www.lowes.com/pd/Swisher-Response-Gen-2-24-HP-V-twin-Dual-Hydrostatic-66-in-Zero-turn-Lawn-Mower-with-Mulching-Capability-CARB/1000434185,0.0,0,lowes
134,Kobalt 40-Volt Max Lithium Ion Push 16-in Cordless Electric Lawn Mower (Battery Included),$269.00,https://mobileimages.lowes.com/product/converted/841821/841821023300.jpg?size=sm,https://www.lowes.com/pd/Kobalt-40-Volt-Max-Lithium-Ion-Push-16-in-Cordless-Electric-Lawn-Mower-Battery-Included/1000427837,4.5,126,lowes
135,Husqvarna LE 121P 40-volt Max Brushless Lithium Ion Push 21.5-in Cordless Electric Lawn Mower,$499.00,https://mobileimages.lowes.com/product/converted/085388/085388235961.jpg?size=sm,https://www.lowes.com/pd/Husqvarna-LE-121P-40-volt-Max-Brushless-Lithium-Ion-Push-21-5-in-Cordless-Electric-Lawn-Mower/1000350539,3.5,41,lowes
136,Husqvarna LE 221R 40-volt Max Brushless Lithium Ion Push 21.5-in Cordless Electric Lawn Mower,$599.95,https://mobileimages.lowes.com/product/converted/085388/085388236005.jpg?size=sm,https://www.lowes.com/pd/Husqvarna-LE-221R-40-volt-Max-Brushless-Lithium-Ion-Push-21-5-in-Cordless-Electric-Lawn-Mower/1000379481,2.0,2,lowes
137,Kobalt 40-Volt Max Lithium Ion Push 16-in Cordless Electric Lawn Mower (Battery Not Included),$199.00,https://mobileimages.lowes.com/product/converted/841821/841821023959.jpg?size=sm,https://www.lowes.com/pd/Kobalt-40-Volt-Max-Lithium-Ion-Push-16-in-Cordless-Electric-Lawn-Mower-Battery-Not-Included/1000338767,4.5,126,lowes
138,Kobalt 80-volt Max Brushless Lithium Ion Push 21-in Cordless Electric Lawn Mower,$329.00 ,https://mobileimages.lowes.com/product/converted/841821/841821039400.jpg?size=sm,https://www.lowes.com/pd/Kobalt-80-volt-Max-Brushless-Lithium-Ion-Push-21-in-Cordless-Electric-Lawn-Mower/1001097608,4.0,2,lowes
139,Kobalt 80-volt Max Brushless Lithium Ion Self-propelled 21-in Cordless Electric Lawn Mower,$429.00,https://mobileimages.lowes.com/product/converted/841821/841821049850.jpg?size=sm,https://www.lowes.com/pd/Kobalt-80-volt-Max-Brushless-Lithium-Ion-Self-propelled-21-in-Cordless-Electric-Lawn-Mower/1001097600,4.0,1,lowes
140,Kobalt 80-volt Max Brushless Lithium Ion Push 21-in Cordless Electric Lawn Mower,$499.00,https://mobileimages.lowes.com/product/converted/841821/841821037758.jpg?size=sm,https://www.lowes.com/pd/Kobalt-80-volt-Max-Brushless-Lithium-Ion-Push-21-in-Cordless-Electric-Lawn-Mower/1001159664,5.0,1,lowes
141,Greenworks Pro 60-volt Brushless Lithium Ion Push 21-in Cordless Electric Lawn Mower,$399.00,https://mobileimages.lowes.com/product/converted/841821/841821024284.jpg?size=sm,https://www.lowes.com/pd/Greenworks-Pro-60-volt-Brushless-Lithium-Ion-Push-21-in-Cordless-Electric-Lawn-Mower/1001159968,4.0,29,lowes
142,Kobalt 80-volt Max Brushless Lithium Ion Self-propelled 21-in Cordless Electric Lawn Mower,$599.00,https://mobileimages.lowes.com/product/converted/841821/841821049843.jpg?size=sm,https://www.lowes.com/pd/Kobalt-80-volt-Max-Brushless-Lithium-Ion-Self-propelled-21-in-Cordless-Electric-Lawn-Mower/1001159702,4.0,2,lowes
143,Oregon LM400 40-volt Brushless Lithium Ion Push 20-in Cordless Electric Lawn Mower,$529.00,https://mobileimages.lowes.com/product/converted/036577/036577585053.jpg?size=sm,https://www.lowes.com/pd/Oregon-LM400-40-volt-Brushless-Lithium-Ion-Push-20-in-Cordless-Electric-Lawn-Mower/1000764406,0.0,0,lowes
