title,price,pageUrl,rating,totalReview,imageUrl,source
"Hyper Tough 20"" Side Discharge Push Mower with Brigg  ...",168,https:www.walmart.com/ip/Hyper-Tough-20-Side-Discharge-Push-Mower-with-Briggs-and-Stratton-Engine/431067123,4.4,25,https://i5.walmartimages.com/asr/d5ee2ba2-709a-4774-929a-e43f6d4bb415_1.57afa6f81c2a8a89f4ce7e0bf29419bd.jpeg?odnHeight=200&odnWidth=200&odnBg=ffffff,Walmart
HART 40-Volt Cordless Brushless 20-inch Push Mower K  ...,287,https:www.walmart.com/ip/HART-40-Volt-Cordless-Brushless-20-inch-Push-Mower-Kit-1-5-0Ah-Lithium-Ion-Battery/650742415,3,1,https://i5.walmartimages.com/asr/a5c5fd79-3ae5-4887-b280-e66135e45e09_4.c3302e067524ffb8694cde8a1db94386.png?odnHeight=200&odnWidth=200&odnBg=ffffff,Walmart
"Worx 19"" Electric Lawn Mower, 12 Amp",199,https:www.walmart.com/ip/Worx-19-Electric-Lawn-Mower-12-Amp/50254612?wpa_bd=1582383880781&wpa_pg_seller_id=F55CDC31AB754BB68FE0B39041159D63&wpa_ref_id=065abafa8a3842dcbf1a01c073b0dd17&wpa_aux_info=__aux_info__&wpa_tag=__tag__&wpa_pos=3&wpa_plmt=__plmt__&wpa_aduid=__aduid__,4.6,84,https://i5.walmartimages.com/asr/3217ceaa-cb1c-4de2-b3d3-22ea7e2b0245_1.2152adcb474b48badb4e7d4b2b93b414.jpeg?odnHeight=200&odnWidth=200&odnBg=ffffff,Walmart
"Murray 21"" 2-in-1 High Wheel Push Mower With Briggs   ...",197,https:www.walmart.com/ip/Murray-21-2-in-1-High-Wheel-Push-Mower-With-Briggs-and-Stratton-Engine/902639947,4.6,25,https://i5.walmartimages.com/asr/a22935ee-902b-4787-84d2-6a0097c1c923_1.9fb933e3b5bee2620ad590b79bfad6c7.jpeg?odnHeight=200&odnWidth=200&odnBg=ffffff,Walmart
Sun Joe MJ401E Electric Lawn Mower | 14 inch | 12 Am  ...,110,https:www.walmart.com/ip/Sun-Joe-MJ401E-Electric-Lawn-Mower-14-inch-12-Amp/11538868?wpa_bd=1582383880781&wpa_pg_seller_id=F55CDC31AB754BB68FE0B39041159D63&wpa_ref_id=cc2012231e38298e269158b287e0167c&wpa_aux_info=__aux_info__&wpa_tag=__tag__&wpa_pos=5&wpa_plmt=__plmt__&wpa_aduid=__aduid__,4.4397,1385,https://i5.walmartimages.com/asr/499fb468-b2ab-4130-ad8e-c6f5186ae5a1_1.27afd67fa6df40f62ef753154982d2e9.jpeg?odnHeight=200&odnWidth=200&odnBg=ffffff,Walmart
HART 40-Volt Cordless Brushless 20-inch Self-Propell  ...,378,https:www.walmart.com/ip/HART-40-Volt-Cordless-Brushless-20-inch-Self-Propelled-Mower-Kit-1-5-0Ah-Lithium-Ion-Battery/850530977,0,0,https://i5.walmartimages.com/asr/31e042cd-416e-4c79-b41e-f4be1e6f530a_4.78c8e582ab1bb6a9d0e3eb8c44569fb6.png?odnHeight=200&odnWidth=200&odnBg=ffffff,Walmart
Sun Joe MJ401C Cordless Lawn Mower | 14 inch | 28V,146,https:www.walmart.com/ip/Sun-Joe-MJ401C-Cordless-Lawn-Mower-14-inch-28V/55628504,4.3,489,https://i5.walmartimages.com/asr/f8cae226-a4b4-441e-9d83-496fb386188b_1.7d2c4b398a7e5a440183c96a629fe1e3.jpeg?odnHeight=200&odnWidth=200&odnBg=ffffff,Walmart
Greenworks 21-Inch 13 Amp Corded Lawn Mower 25112,209,https:www.walmart.com/ip/Greenworks-21-Inch-13-Amp-Corded-Lawn-Mower-25112/20595783,4.5,120,https://i5.walmartimages.com/asr/7ba9f6cd-ed35-4d0e-b91e-e1af65238927_1.b432d9b59a903e138bfcfdded8d65bf8.jpeg?odnHeight=200&odnWidth=200&odnBg=ffffff,Walmart
"PowerSmart DB9422S 22"" 3-in-1 196cc Gas Self Propell  ...",269,https:www.walmart.com/ip/PowerSmart-DB9422S-22-3-in-1-196cc-Gas-Self-Propelled-Lawn-Mower/177493640,3.8,20,https://i5.walmartimages.com/asr/43fc2174-3976-4dec-8020-3a4418ddb1b2_1.3ca271d183e0bfc8fa62c139576d42e2.jpeg?odnHeight=200&odnWidth=200&odnBg=ffffff,Walmart
HART 40-Volt Cordless Brushless 21-inch Adaptive Spe  ...,576,https:www.walmart.com/ip/HART-40-Volt-Cordless-Brushless-21-inch-Adaptive-Speed-Mower-Kit-1-5-0Ah-Lithium-Ion-Battery/759384054,0,0,https://i5.walmartimages.com/asr/71122c31-25eb-44df-ab5e-bbadfcf8b86e_4.74ba2229cff86db325090b0b63a3839e.png?odnHeight=200&odnWidth=200&odnBg=ffffff,Walmart
14-Inch 12Amp Lawn Mower w/Folding Handle Electric P  ...,95,https:www.walmart.com/ip/14-Inch-12Amp-Lawn-Mower-w-Folding-Handle-Electric-Push-Lawn-Corded-Mower-Green/620597482,3.3,6,https://i5.walmartimages.com/asr/00b1f151-4f95-4c15-b3bb-6e5034c8fd3d_1.8863becc69d6fb4e16f31c45ce989c51.jpeg?odnHeight=200&odnWidth=200&odnBg=ffffff,Walmart
"Murray 21"" Gas Push Lawn Mower with Briggs and Strat  ...",216,https:www.walmart.com/ip/Murray-21-Gas-Push-Lawn-Mower-with-Briggs-and-Stratton-Engine-Side-Discharge-Mulching-Rear-Bag/154757922,3.9,144,https://i5.walmartimages.com/asr/d0f509b0-420f-4d06-8cef-790b192334d8_2.f21f561a59a81171814493cac233a540.png?odnHeight=200&odnWidth=200&odnBg=ffffff,Walmart
"Yard Machines 20"" Gas Push Lawn Mower with Side Disc  ...",218,https:www.walmart.com/ip/Yard-Machines-20-Gas-Push-Lawn-Mower-with-Side-Discharge/841874560,3.7,33,https://i5.walmartimages.com/asr/77a5f05d-8432-466d-9fd1-4429de954e43_1.c704d13715b6ab13f60a0a18d47f3811.jpeg?odnHeight=200&odnWidth=200&odnBg=ffffff,Walmart
Snapper 21'' Front-Wheel Drive Self Propelled Gas La  ...,392,https:www.walmart.com/ip/Snapper-21-Front-Wheel-Drive-Self-Propelled-Gas-Lawn-Mower-with-Briggs-Stratton-Engine-Side-Discharge-Mulching-Rear-Bag/423813443,4,376,https://i5.walmartimages.com/asr/ef4ffa37-19b9-4dc6-b5ea-274b471e7539_1.79b3db51cbbb9657b38e58fdf2abcef7.png?odnHeight=200&odnWidth=200&odnBg=ffffff,Walmart
"Remington RM110 Trail Blazer 21"" Push Gas Mower with  ...",233,https:www.walmart.com/ip/Remington-RM110-Trail-Blazer-21-Push-Gas-Mower-with-Side-Discharge-and-Mulching/690903831,4.5,70,https://i5.walmartimages.com/asr/51f79ce6-a045-406e-ad81-95f87399e3ad_1.0fa6d9e8f6540248c8ae429d980f03e6.jpeg?odnHeight=200&odnWidth=200&odnBg=ffffff,Walmart
"BLACK+DECKER BEMW472BH 10AMP 15"" ELECTRIC MOWER",116,https:www.walmart.com/ip/BLACK-DECKER-BEMW472BH-10AMP-15-ELECTRIC-MOWER/875278231,4.1,19,https://i5.walmartimages.com/asr/07d00429-196d-426e-91c0-68c4060baf50_1.6068ed82cf4fb80e6439f3ebb070dff4.jpeg?odnHeight=200&odnWidth=200&odnBg=ffffff,Walmart
"BLACK+DECKER BEMW472ES EASY STEAR 10AMP 15"" ELECTRIC  ...",122,https:www.walmart.com/ip/BLACK-DECKER-BEMW472ES-EASY-STEAR-10AMP-15-ELECTRIC-MOWER/167730979,4.3,16,https://i5.walmartimages.com/asr/139b6e9c-af3e-4a3e-aa1f-95db0f817afe_1.20f72b5a2af79f1d8bfef87ef2ae5c39.jpeg?odnHeight=200&odnWidth=200&odnBg=ffffff,Walmart
"Murray 21"" Gas Push Lawn Mower with Briggs and Strat  ...",302,https:www.walmart.com/ip/Murray-21-Gas-Push-Lawn-Mower-with-Briggs-and-Stratton-Engine-Side-Discharge-Mulching-Rear-Bag-Rear-High-Wheels/254886041,3.5,26,https://i5.walmartimages.com/asr/7220aa98-60a8-41b1-b630-d72761cbb940_2.9f5f2e7c91d09f88540115c39ad2f3f6.png?odnHeight=200&odnWidth=200&odnBg=ffffff,Walmart
Snapper 46 in. 24 HP Briggs & Stratton V-Twin Hydros  ...,"2,075",https:www.walmart.com/ip/Snapper-46-in-24-HP-Briggs-Stratton-V-Twin-Hydrostatic-Garden-Tractor/118621221,3.8,51,https://i5.walmartimages.com/asr/43da135d-004e-46d0-9ed6-e90722147a9f_1.15801724906d8732a651c320b58015c3.jpeg?odnHeight=200&odnWidth=200&odnBg=ffffff,Walmart
Sun Joe MJ408E Electric Lawn Mower | 20 inch | 12 Am  ...,154,https:www.walmart.com/ip/Sun-Joe-MJ408E-Electric-Lawn-Mower-20-inch-12-Amp/51202590,4.2,126,https://i5.walmartimages.com/asr/9c128190-12d8-4248-9a61-af3d2918c83f_1.aa493824983e9c114a5c8c33da2ccac3.jpeg?odnHeight=200&odnWidth=200&odnBg=ffffff,Walmart
PowerSmart DB8620 20 inch 3- in-1 196cc Gas Self Pro  ...,239,https:www.walmart.com/ip/PowerSmart-DB8620-20-inch-3-in-1-196cc-Gas-Self-Propelled-Mower/283907617,4.2,30,https://i5.walmartimages.com/asr/2a5e47a0-1554-4c9e-979b-3b62ecca1cbc_1.ef68626827b5225c74534527b03e5777.jpeg?odnHeight=200&odnWidth=200&odnBg=ffffff,Walmart
"Greenworks 19-Inch 40V Cordless Lawn Mower, Battery   ...",174,https:www.walmart.com/ip/Greenworks-19-Inch-40V-Cordless-Lawn-Mower-Battery-Not-Included-2501302/43552966,4.1,27,https://i5.walmartimages.com/asr/2c05c6c5-b39c-4d32-b7eb-d5e92b8ceb84_1.90d8eb981449dee2af0dc8614013f873.jpeg?odnHeight=200&odnWidth=200&odnBg=ffffff,Walmart
Hyper Tough 1816-18HT 18-Inch 5-Blade Push Reel Lawn  ...,88,https:www.walmart.com/ip/Hyper-Tough-1816-18HT-18-Inch-5-Blade-Push-Reel-Lawn-Mower/56247889,4.2,35,https://i5.walmartimages.com/asr/a093d512-bd55-4baa-b34d-8bd151bff9db_1.beb9c42959db13ec7d4af2c1f66eb15e.png?odnHeight=200&odnWidth=200&odnBg=ffffff,Walmart
"BLACK+DECKER MTC220 20V MAX Cordless 12"" Lithium-Ion  ...",134,https:www.walmart.com/ip/BLACK-DECKER-MTC220-20V-MAX-Cordless-12-Lithium-Ion-3-in-1-Trimmer-Edger-and-Mower-2-Batteries/33587770,4.3,138,https://i5.walmartimages.com/asr/9bcafdbb-dc2e-47e2-8b1f-00594a9cd222_1.6505d3464f1a777b6b9e38b2c8a2b2f8.jpeg?odnHeight=200&odnWidth=200&odnBg=ffffff,Walmart
BLACK+DECKER BEMW482ES EASY STEAR 12AMP 17 ELECTRIC   ...,159,https:www.walmart.com/ip/BLACK-DECKER-BEMW482ES-EASY-STEAR-12AMP-17-ELECTRIC-MOWER/542656367,2,5,https://i5.walmartimages.com/asr/563bd98c-1871-41dc-9b64-d09f945cd5f9_1.76388a8b34df7a33930bc6ccf9889e37.jpeg?odnHeight=200&odnWidth=200&odnBg=ffffff,Walmart
"Remington RM130 21"" Gas Push Mower with Side Dischar  ...",364,https:www.walmart.com/ip/Remington-RM130-21-Gas-Push-Mower-with-Side-Discharge-Mulching-and-Rear-Bagging/467492606,0,0,https://i5.walmartimages.com/asr/312671c7-0386-490c-8c0c-027ed8bcd099_2.dfee92f8fbc13521401538f1ae1202e3.jpeg?odnHeight=200&odnWidth=200&odnBg=ffffff,Walmart
Sun Joe MJ403E Electric Lawn Mower + Mulcher | 17 in  ...,129,https:www.walmart.com/ip/Sun-Joe-MJ403E-Electric-Lawn-Mower-Mulcher-17-inch-13-Amp-7-position/23746462,4.4,171,https://i5.walmartimages.com/asr/2f6a1e3d-8bfd-47b0-a4cd-f611f3000864_1.85471c8b94ce10f448623f547d15c324.jpeg?odnHeight=200&odnWidth=200&odnBg=ffffff,Walmart
Remington RM210 Pathfinder 159cc 21-Inch FWD Self-Pr  ...,334,https:www.walmart.com/ip/Remington-RM210-Pathfinder-159cc-21-Inch-FWD-Self-Propelled-Mower/381054843,4.3,41,https://i5.walmartimages.com/asr/bf04cd12-bf56-42d4-94c1-228992bfb0a4_1.c78cf3ed6636045fce040aac7e57c3e4.jpeg?odnHeight=200&odnWidth=200&odnBg=ffffff,Walmart
Costway 12 Amp 14-Inch Electric Push Lawn Corded Mow  ...,95,https:www.walmart.com/ip/Costway-12-Amp-14-Inch-Electric-Push-Lawn-Corded-Mower-With-Grass-Bag-Red/764525676,4.7,29,https://i5.walmartimages.com/asr/f3efda2d-b8f4-4b59-b794-f328c81b7d25_1.57d21a4fbb47767d73b6ef68551d36ae.jpeg?odnHeight=200&odnWidth=200&odnBg=ffffff,Walmart
Greenworks 18-Inch 12 Amp Corded Lawn Mower 25012,114,https:www.walmart.com/ip/Greenworks-18-Inch-12-Amp-Corded-Lawn-Mower-25012/17423917,4.5,214,https://i5.walmartimages.com/asr/9c5bc782-1515-456c-a77d-4ec6374f0c95_1.3edb73a3e15ebcd243c99009b6b10f51.jpeg?odnHeight=200&odnWidth=200&odnBg=ffffff,Walmart
Yard Machines 21 In. High Wheel Push Gas Lawn Mower,264,https:www.walmart.com/ip/Yard-Machines-21-In-High-Wheel-Push-Gas-Lawn-Mower/29558087,4.2,31,https://i5.walmartimages.com/asr/469fbaf2-3656-402b-9756-aef7ce3f9737_1.0a7707100a7d187a63e83aba86b5ec69.jpeg?odnHeight=200&odnWidth=200&odnBg=ffffff,Walmart
"LawnMaster MEB1016M 10 Amp, 15-Inch Electric 2-in-1   ...",153,https:www.walmart.com/ip/LawnMaster-MEB1016M-10-Amp-15-Inch-Electric-2-in-1-Mower/21020527,4.2,94,https://i5.walmartimages.com/asr/1088cd05-7de8-4e01-be93-18b89ccc27c1_1.1d22089a92c8eca559688867eee4cf2b.jpeg?odnHeight=200&odnWidth=200&odnBg=ffffff,Walmart
Goplus 12 Amp 14-Inch Electric Push Lawn Corded Mowe  ...,79,https:www.walmart.com/ip/Goplus-12-Amp-14-Inch-Electric-Push-Lawn-Corded-Mower-With-Grass-Bag-Green/363342787,4.5,23,https://i5.walmartimages.com/asr/c427027c-5594-4128-8ef6-d616fba2e20b_1.18f1a758afcca68aa13a5ccd6a5ec59d.jpeg?odnHeight=200&odnWidth=200&odnBg=ffffff,Walmart
Greenworks 14-Inch 9 Amp Corded Lawn Mower 2507402,97,https:www.walmart.com/ip/Greenworks-14-Inch-9-Amp-Corded-Lawn-Mower-2507402/485628816,3.5,2,https://i5.walmartimages.com/asr/75841114-5322-4f97-b975-875025d617dc_1.ebadc7afb4d797fe3d33ca77654c6730.jpeg?odnHeight=200&odnWidth=200&odnBg=ffffff,Walmart
ALEKO Hand Push Lawn Mower with Adjustable Cutting H  ...,76,https:www.walmart.com/ip/ALEKO-Hand-Push-Lawn-Mower-with-Adjustable-Cutting-Height-5-Blade-16-Inch/715088333,0,0,https://i5.walmartimages.com/asr/6e65a734-7495-41da-a501-4c935c3efd03_1.508483ef2b9c13963328f124f8748d3f.jpeg?odnHeight=200&odnWidth=200&odnBg=ffffff,Walmart
Sun Joe MJ402E Mow Joe 12 Amp 16 in. Electric Lawn M  ...,102,https:www.walmart.com/ip/Sun-Joe-MJ402E-Mow-Joe-12-Amp-16-in-Electric-Lawn-Mower-Mulcher/51089658,4.5,39,https://i5.walmartimages.com/asr/160bbb3b-5c11-457c-bc5e-d7ae5d353594_1.c44645018fcfdfed55eccb5c819baec3.jpeg?odnHeight=200&odnWidth=200&odnBg=ffffff,Walmart
"Greenworks 19-Inch 40V Cordless Lawn Mower, 4AH & 2A  ...",374,https:www.walmart.com/ip/Greenworks-19-Inch-40V-Cordless-Lawn-Mower-4AH-2AH-Batteries/43309269,4.5,100,https://i5.walmartimages.com/asr/a861842f-b708-41d1-b575-f6a43877fbba_1.88f826a08602dca60eb5b6ed3b5327d9.jpeg?odnHeight=200&odnWidth=200&odnBg=ffffff,Walmart
"Sun Joe MJ403E Electric Lawn Mower + Mulcher , 17 in  ...",245,https:www.walmart.com/ip/Sun-Joe-MJ403E-Electric-Lawn-Mower-Mulcher-17-inch-13-Amp-7-position/24402754,4.5,127,https://i5.walmartimages.com/asr/a699e8fa-b3d2-48cf-a325-8e01bd1b89ff_1.2dfaebd36a4aa275eaebe19d42dbd153.jpeg?odnHeight=200&odnWidth=200&odnBg=ffffff,Walmart
Sun Joe ION16LM 40V 4.0 Ah Lithium-Ion 16 in. Brushl  ...,197,https:www.walmart.com/ip/Sun-Joe-ION16LM-40V-4-0-Ah-Lithium-Ion-16-in-Brushless-Lawn-Mower/34581092,4.6,193,https://i5.walmartimages.com/asr/b530ca58-4b52-4f47-b6fd-96953e2f0f34_1.12f334ff4062f8c7a93d29e9ef1e7037.jpeg?odnHeight=200&odnWidth=200&odnBg=ffffff,Walmart
